n_estimators,max_depth,accuracy,f1,precision,recall
30,20,0.5616617438185901,0.532134212012799,0.5474571917447533,0.5322840260420196
